product,deal_size
product_0,255.3692997756244
product_0,109.9660867405501
product_0,535.5680406416369
product_0,160.13195418308808
product_0,122.03917926298281
product_0,178.59754768286106
product_0,235.57379208976556
product_0,360.16333662657956
product_0,391.9149833604125
product_0,565.415787318785
product_0,128.87184865884922
product_0,83.88849730325947
product_0,114.39381872607596
product_0,77.8685383631196
product_0,179.38238526606384
product_0,154.55666408187352
product_0,197.42411790398884
product_0,126.48027726654293
product_0,348.5077027406484
product_0,355.42679687118846
product_0,226.21186372911464
product_0,108.82545897061047
product_0,223.28026636443337
product_0,126.97185508899967
product_0,200.01379811802923
product_0,340.1885937890664
product_0,225.45946396929173
product_0,113.31923654980876
product_0,214.39370979728506
product_0,22.011611422120193
product_0,250.31116024353403
product_0,105.98264229110141
product_0,228.89507077051496
product_0,189.0299394418722
product_0,321.7696294739222
product_0,12.63622272288056
product_0,61.74685218198242
product_0,394.74616362684213
product_0,512.7110658329199
product_0,83.09908133886935
product_0,128.64764431980984
product_0,155.06427630766962
product_0,41.7450714074846
product_0,128.71100813347533
product_0,120.07304305312478
product_0,307.4582943213972
product_0,204.1286304338179
product_0,267.8464716618986
product_0,215.3440416477704
product_0,60.295885103258264
product_0,93.46010517176714
product_0,208.235752131324
product_0,146.6316414590992
product_0,159.58267425491033
product_0,10.037696438166765
product_0,53.63345516985193
product_0,116.36532236050886
product_0,23.718340666008654
product_0,149.68868789719454
product_0,117.40356953123738
product_0,117.15006088842263
product_0,31.923380700463223
product_0,137.8126418380659
product_0,186.53380504875526
product_0,282.9595270920091
product_0,142.7305610758759
product_0,71.6437749892604
product_0,180.87778197746803
product_0,167.0822888954314
product_0,322.034617792342
product_0,60.02402141638053
product_0,319.7779788179183
product_0,69.14798734907046
product_0,119.1900107802314
product_0,58.8178730469271
product_0,119.17227376642995
product_0,67.50861281566962
product_0,455.6289133870963
product_0,275.6471284620856
product_0,166.31354357503795
product_0,124.14425641090858
product_0,130.27807041567107
product_0,84.43497673216773
product_0,74.10521537620451
product_0,95.97439116911177
product_0,181.52067330901053
product_0,457.44774222955624
product_0,48.702550981641686
product_0,498.06531377608667
product_0,233.51512474830554
product_0,88.25765014376402
product_0,367.65236915520615
product_0,132.07063272724258
product_0,262.98490912955896
product_0,312.413543489107
product_0,251.39473535458413
product_0,132.25611264956783
product_0,170.41575292445876
product_0,317.49057977078843
product_0,200.3622049611608
product_0,87.81482022671624
product_0,50.894417283304
product_0,61.58014710256218
product_0,69.73842046306926
product_0,345.86624028809456
product_0,248.08955486014364
product_0,263.9943210924651
product_0,132.00913862363583
product_0,72.25026685329684
product_0,299.32420132196347
product_0,245.5087546750962
product_0,89.64975720803449
product_0,79.35366311365216
product_0,129.94799254429148
product_0,84.09530336045842
product_0,15.399557576366181
product_0,47.77670281677619
product_0,173.75740561165608
product_0,81.96750157414326
product_0,95.86691005156675
product_0,227.70811728954013
product_0,59.87088217247911
product_0,274.54505158497153
product_0,116.18562768009515
product_0,196.9979822185194
product_0,128.874003521259
product_0,346.3939658330464
product_0,310.3496468346135
product_0,161.20795444603095
product_0,118.23842746189501
product_0,172.38680926570433
product_0,161.15222460686886
product_0,342.2789021399044
product_0,392.168008569608
product_0,271.4040296711495
product_0,185.89888936072165
product_0,153.15431637751684
product_0,126.46015213153983
product_0,263.91293778705773
product_0,101.13553932681201
product_0,208.44914464725264
product_0,161.07282179768595
product_0,90.80513997991257
product_0,137.01911562173905
product_0,210.19928096765776
product_0,69.50293972447933
product_0,510.01635962530065
product_0,237.178959183258
product_0,145.57487587424757
product_0,135.92562873691915
product_0,102.40253820723453
product_0,15.720129638699099
product_0,110.47642335352393
product_0,166.52218284096395
product_0,406.7723938150967
product_0,345.56394267275897
product_0,214.94218281286217
product_0,44.1190316169938
product_0,245.1068702104782
product_0,100.86559826185982
product_0,449.09285472721353
product_0,174.24543017069396
product_0,117.93032364960632
product_0,171.46210955727597
product_0,309.6570903298434
product_0,127.22650091604878
product_0,235.9174055873666
product_0,438.827256421043
product_0,162.06086199062395
product_0,274.13980900240824
product_0,335.6154856707306
product_0,363.98423127622965
product_0,34.15812390384498
product_0,314.6377937151358
product_0,107.12064622435088
product_0,135.64565768608395
product_0,179.31429959033554
product_0,600.3687422548372
product_0,456.07032570766694
product_0,115.63081051700718
product_0,160.24488692438166
product_0,192.23630017471092
product_0,97.41156706591563
product_0,276.28539772492104
product_0,81.2593520371131
product_0,109.86289669835361
product_0,48.36310211214674
product_0,311.32722887339565
product_0,129.44473889380194
product_0,103.08535070756935
product_0,157.24993462619258
product_0,360.3433470617342
product_0,71.14750456172645
product_0,46.67211633124067
product_0,407.9513160364497
product_0,450.4453259236349
product_0,78.20350721240767
product_0,216.34515605659496
product_0,110.80627692459836
product_0,59.16911806342727
product_0,101.12328274276985
product_0,159.4573380661066
product_0,313.25355395364164
product_0,48.815358781776595
product_0,92.6603108793373
product_0,91.59273063348164
product_0,56.92389908700482
product_0,711.2836645562711
product_0,326.276370939379
product_0,52.33169054230145
product_0,170.39943988732097
product_0,461.7315891545537
product_0,101.02773030683902
product_0,176.23981824999143
product_0,99.27568293558772
product_0,87.20363091190201
product_0,70.8992668656747
product_0,74.7227801129697
product_0,49.46934787626784
product_0,333.21850422731933
product_0,52.00845203367189
product_0,87.84585996238015
product_0,84.95118014856625
product_0,166.64131403645857
product_0,232.51680374136095
product_0,206.58934126251683
product_0,182.64687150257808
product_0,26.200380639625813
product_0,138.76223367895247
product_0,136.41903772351193
product_0,122.32289355310584
product_0,54.39481010909003
product_0,176.12337886000554
product_0,268.76776126975363
product_0,23.468548065255284
product_0,225.0671941143724
product_0,213.4600382296449
product_0,98.9313467538271
product_0,98.92919697818003
product_0,241.53934563599137
product_0,147.45959642187114
product_0,113.28869617416876
product_0,326.86096734499694
product_0,63.13997377247463
product_0,173.06948270334502
product_0,446.0956351123086
product_0,154.85159724418696
product_0,184.8515205174461
product_0,287.81219850414493
product_0,131.2110967921736
product_0,202.58013669593797
product_0,179.15075897646898
product_0,310.86618801380797
product_0,167.54332711812083
product_0,87.22436139851713
product_0,45.66743909292605
product_0,488.717816658162
product_0,106.73698109201842
product_0,98.33923007699626
product_0,106.06655259467766
product_0,228.5429423504464
product_0,207.79530935204647
product_0,255.0823692577929
product_0,249.54007494192356
product_0,202.72529462365776
product_0,158.0056107985531
product_0,128.2913841193632
product_0,19.97251185873608
product_0,149.6653599171871
product_0,108.60028231060042
product_0,196.11216809058035
product_0,132.17935480237816
product_0,260.69313627168526
product_0,22.32713782264068
product_0,91.03987016821802
product_0,203.42844702065267
product_0,82.87847708189322
product_0,92.78661113856742
product_0,97.15282431926931
product_0,100.36044555592089
product_0,312.5870663279247
product_0,347.53044855854836
product_0,206.943880138518
product_0,244.14014748117356
product_0,185.39731570463948
product_0,116.87640248867736
product_0,266.78372578606684
product_0,180.5654807223202
product_0,91.51006299692838
product_0,54.13206603735271
product_0,155.32224781369382
product_0,290.12044917418314
product_0,213.07684274742252
product_0,358.52688458831466
product_0,98.92070473015721
product_0,161.34074968225218
product_0,210.17508275277186
product_0,87.74806941907077
product_0,321.9206596178627
product_0,466.57547676673477
product_0,159.90751885069665
product_0,103.52385639589671
product_0,257.9850366557674
product_0,106.52549739770909
product_0,199.73988837584335
product_0,136.76486832267761
product_0,278.2988486329015
product_0,361.5473422642498
product_0,132.62549399802742
product_0,108.79608550691016
product_0,49.43128244807108
product_0,209.7041286759043
product_0,95.06144604079603
product_0,82.16183753041464
product_0,236.5622168475792
product_0,304.2058278217762
product_0,89.37185871559134
product_0,236.94837844102605
product_0,161.6443428073807
product_0,514.3451394140391
product_0,121.84727924080627
product_0,345.8393692941651
product_0,228.21660129814788
product_0,312.7079220670308
product_0,96.69926816339253
product_0,101.18873191833724
product_0,279.778199912608
product_0,269.42163860519946
product_0,174.65730879664122
product_0,327.6352245840768
product_0,291.1824838165096
product_0,58.29441876406738
product_0,360.6502147718917
product_0,55.22489645765382
product_0,103.32120506407709
product_0,133.76698372089098
product_0,211.90654138363342
product_0,151.73246691962856
product_0,182.695720932663
product_0,199.8245581395568
product_0,20.391102146345702
product_0,221.44896810239962
product_0,193.19021756811634
product_0,101.22474754075624
product_0,130.24649586655863
product_0,353.2183503454817
product_0,57.89168335819997
product_0,411.49218791375307
product_0,393.72215136041757
product_0,77.12040570002115
product_0,84.01423974355339
product_0,390.5263503336761
product_0,176.6041496499121
product_0,36.96623791166969
product_0,219.4385799455585
product_0,309.66839926334194
product_0,167.68882714492568
product_0,77.93332302999447
product_0,129.21419656489502
product_0,295.604208615764
product_0,50.0077960118337
product_0,130.19966950295873
product_0,296.82945299860245
product_0,191.6234105143918
product_0,46.36302875430069
product_0,108.90922359711759
product_0,323.84364648458126
product_0,13.764698828864717
product_0,328.9188082830944
product_0,168.75492420735532
product_0,83.72242488091426
product_0,193.0590263556293
product_0,574.951153403795
product_0,198.97038208301694
product_0,223.09338767037826
product_0,213.04823260533198
product_0,101.28252276255778
product_0,163.00246500643536
product_0,83.38304083219205
product_0,168.46605065911228
product_0,74.259300366211
product_0,285.9535553766968
product_0,329.00860770102537
product_0,182.15094433895666
product_0,286.18274121196555
product_0,208.19041405972013
product_0,45.877297066165625
product_0,218.10865357000978
product_0,237.8924535836147
product_0,80.65477537650662
product_0,379.1722314760451
product_0,43.487858015242615
product_0,166.90245402423983
product_0,209.84610111733042
product_0,123.41687004628513
product_0,152.19948496403444
product_0,275.60713410188356
product_0,84.31533177910318
product_0,78.56365969274337
product_0,116.84220430981776
product_0,615.8998060079782
product_0,154.29732320253308
product_0,252.0367574078052
product_0,63.86735839357189
product_0,284.81960728706866
product_0,142.16444169865284
product_0,58.92813187155143
product_0,269.39752476613876
product_0,153.688000467044
product_0,216.26179576336722
product_0,154.86630286071684
product_0,249.1859186566303
product_0,35.981105241150374
product_0,130.974055782866
product_0,249.1460950192701
product_0,176.62619026191217
product_0,30.425631505997284
product_0,117.69528445073942
product_0,182.85692999699427
product_0,80.91413259415356
product_0,180.36084394214782
product_0,199.91537304313587
product_0,248.76868585176356
product_0,35.60613137063316
product_0,206.76331128479407
product_0,222.5194109653864
product_0,127.13888315762478
product_0,204.79188710247035
product_0,365.4825471098414
product_0,56.43499564139018
product_0,393.09439952986605
product_0,132.61173798734936
product_0,45.97811183193622
product_0,211.52549171669418
product_0,152.1634971331644
product_0,184.63031175850202
product_0,322.30938318609
product_0,259.5882638508828
product_0,96.87662899070634
product_0,248.66810042728568
product_0,425.9922412166285
product_0,51.32832410973517
product_0,82.5190612940659
product_0,106.87605692024516
product_0,375.4697544665185
product_0,23.221829763631252
product_0,27.852909258234074
product_0,56.34664377724734
product_0,212.4480641606521
product_0,166.61704688383983
product_0,78.47223043128965
product_0,92.51457266774479
product_0,237.49813618203066
product_0,379.8530398322005
product_0,270.38766351347857
product_0,226.65575491014476
product_0,112.18235217672641
product_0,104.33557618680759
product_0,58.882627848777254
product_0,141.25907421086742
product_0,159.0979494412255
product_0,73.83868458126997
product_0,277.8325302349295
product_0,67.68816545476805
product_0,121.57244566973942
product_0,339.2538620490632
product_0,138.37345834391994
product_0,286.93175572531146
product_0,324.36585623686545
product_0,165.1550846366413
product_0,269.23186354132724
product_0,484.6345827201939
product_0,145.97894021184558
product_0,253.4845410873796
product_0,210.6199234843637
product_0,97.85154168829128
product_0,37.22548481021313
product_0,27.741851160350695
product_0,248.9277331064769
product_0,50.99003302028547
product_0,103.31369712077357
product_0,143.1537199793864
product_0,128.88167158980988
product_0,27.688054398746953
product_0,191.65028056048854
product_0,333.34244084779715
product_0,173.03339816609562
product_0,48.944288054574756
product_0,73.82343970111677
product_0,183.2266935557351
product_0,118.71754578974979
product_0,202.96588201651284
product_0,131.521350452106
product_0,227.36216193542123
product_0,209.6960601612205
product_0,413.135950772676
product_0,245.24814593459598
product_0,248.1961357538149
product_0,67.36459359081164
product_0,164.5229288077823
product_0,106.55566507446333
product_0,131.77290750987933
product_0,153.6461818586021
product_0,52.91825840643237
product_0,171.9178412002068
product_0,158.98657474497816
product_0,207.37550044184843
product_0,243.094095313904
product_0,273.4558049909619
product_0,298.83384266136727
product_0,101.76058449399677
product_0,182.1989498970784
product_0,56.758127959757175
product_0,41.56019367709833
product_0,357.3941832606868
product_0,74.7726157992897
product_0,193.12609428214543
product_0,174.4938003652794
product_0,108.74734936013974
product_0,93.41064379491888
product_0,70.83343152769773
product_0,28.894499206099212
product_0,7.4840307006881766
product_0,162.41760934678592
product_0,164.94228062859725
product_0,176.09257212699757
product_0,246.43975792917323
product_0,77.09952563690707
product_0,65.39939535295477
product_0,217.86229586157074
product_0,450.60830933041973
product_0,49.21837931493516
product_0,110.02228958707201
product_0,332.1247036926427
product_0,156.43023142838348
product_0,108.29441971704539
product_0,291.7784054889495
product_0,418.9210908299863
product_0,286.15817555801027
product_0,63.027820924186116
product_0,152.10825625009204
product_0,188.03288154997463
product_0,100.58083977129552
product_0,237.15076428686092
product_0,219.05326663987577
product_0,125.91986677624767
product_0,310.4254266563908
product_0,53.86229741505019
product_0,47.08724295246274
product_0,63.36559038260317
product_0,215.53103926755534
product_0,147.80154872724293
product_0,399.16275217416506
product_0,128.80128432571416
product_0,149.14175968964315
product_0,214.99597989356022
product_0,217.57820992530256
product_0,109.2259621534007
product_0,267.21723974281446
product_0,331.3560956125178
product_0,342.02424643571146
product_0,273.48559483728843
product_0,177.4441987720672
product_0,197.411850029343
product_0,85.42506018833254
product_0,60.08139051922997
product_0,284.43956212952344
product_0,279.0613559876905
product_0,210.86877077680563
product_0,237.5540563391563
product_0,580.630135298954
product_0,268.2045106091146
product_0,251.76486486753734
product_0,69.46305850144658
product_0,188.62285345497907
product_0,16.973539831157197
product_0,136.58816890587215
product_0,71.86064097191031
product_0,71.71497762679738
product_0,182.27953369903574
product_0,367.8024737032257
product_0,260.2344352421189
product_0,213.49623654255143
product_0,141.44639156066248
product_0,33.09396792234487
product_0,276.56372941714244
product_0,95.56801730423061
product_0,69.51749067119063
product_0,167.68729777680002
product_0,160.6662981010284
product_0,118.00970626091566
product_0,273.43726932011396
product_0,102.4674332195086
product_0,163.3272270977496
product_0,94.58219946948574
product_0,486.3800319791421
product_0,189.84839002717175
product_0,152.17762148677974
product_0,412.85413519887436
product_0,150.71728519192803
product_0,269.9175302897977
product_0,46.55076503422729
product_0,68.83909163515925
product_0,113.41668771277142
product_0,65.53521909030503
product_0,113.13196796817464
product_0,50.88146553756252
product_0,152.4112443068199
product_0,341.23690200512885
product_0,149.1248455792275
product_0,143.36292903235022
product_0,169.13033790696292
product_0,246.9755025218052
product_0,274.13139821618205
product_0,54.57394721785529
product_0,127.16631729950939
product_0,297.41019592843696
product_0,116.5788402166067
product_0,282.20554208515705
product_0,177.26395009254313
product_0,171.87099111840428
product_0,247.99311036151713
product_0,498.1170472347237
product_0,353.59782100050995
product_0,360.1275009165583
product_0,124.23447549297678
product_0,383.09057677705647
product_0,261.8739267293878
product_0,182.7906321882617
product_0,226.5534696084008
product_0,172.83520411919207
product_0,88.90348434344075
product_0,96.15629271545704
product_0,175.2209736267969
product_0,144.31543940635396
product_0,166.95878663633152
product_0,384.3911354785897
product_0,654.1093120143543
product_0,84.71223126080943
product_0,70.58661609730585
product_0,307.2890380528906
product_0,144.7758658888391
product_0,71.93069996132162
product_0,28.054345848218016
product_0,264.5490173736531
product_0,182.60426815714868
product_0,223.5787320662044
product_0,292.9144304767447
product_0,82.02115710131038
product_0,66.7746240077445
product_0,57.650234870521224
product_0,211.59374675703697
product_0,268.85162135651564
product_0,219.61242173878318
product_0,267.5524179913786
product_0,167.31380355731946
product_0,316.06799887331454
product_0,67.55033400923267
product_0,192.4741563126803
product_0,271.9970561364991
product_0,44.4398348085702
product_0,132.44310239566647
product_0,172.8010139397659
product_0,357.2824611648807
product_0,262.62593196408824
product_0,59.23550050150437
product_0,357.3652676854662
product_0,205.395483380024
product_0,133.08693480583642
product_0,189.85358278120214
product_0,143.86304993069743
product_0,34.606270108064116
product_0,173.145672082333
product_0,141.00496174864222
product_0,120.92500586184758
product_0,277.6339831072232
product_0,166.71015077520966
product_0,360.75305420159214
product_0,362.61377340987946
product_0,130.1240947125613
product_0,240.64920949893278
product_0,329.95634428053785
product_0,299.21297083038195
product_0,222.91294141794953
product_0,603.5231845337014
product_0,20.103081467264577
product_0,196.88604637836482
product_0,207.74742889102296
product_0,113.13160188821621
product_0,253.4468855325344
product_0,449.59805653553946
product_0,56.52860661151305
product_0,220.09295841372005
product_0,47.763033703594836
product_0,153.092756628188
product_0,70.14647013801019
product_0,123.00915591913811
product_0,242.88294064624512
product_0,27.885888454364306
product_0,172.9368424117252
product_0,411.9328315074583
product_0,79.02755186962685
product_0,147.3499609599965
product_0,457.0930264819271
product_0,54.69402796183136
product_0,84.31584893674611
product_0,55.26399412409248
product_0,212.17870363202047
product_0,145.70674926162266
product_0,126.3418840684856
product_0,583.8573067623156
product_0,228.47739019831482
product_0,243.10247885096499
product_0,427.40177413565146
product_0,168.01971853551416
product_0,75.1169140180757
product_0,292.4194448840172
product_0,197.7129557295541
product_0,206.73015217561215
product_0,217.68555606179484
product_0,150.93749819934376
product_0,52.72263137326724
product_0,102.51330882735937
product_0,69.36990056313216
product_0,37.594347091396656
product_0,144.6278939105429
product_0,134.75249356046427
product_0,213.11247528940103
product_0,73.02532711953164
product_0,84.27521975386236
product_0,184.23041179494822
product_0,118.57315167104642
product_0,59.58969066312175
product_0,106.2632154384987
product_0,261.72984030930706
product_0,6.032293727634474
product_0,83.20141462999678
product_0,314.0418848698645
product_0,94.25708834207576
product_0,241.50430134554372
product_0,206.7222510052554
product_0,148.11408875103095
product_0,263.0108022611605
product_0,202.94151774653872
product_0,175.98634634735188
product_0,52.84896626348142
product_0,292.40404142752567
product_0,345.6706392130617
product_0,246.29433170607888
product_0,134.7810678349226
product_0,168.5942082169009
product_0,161.75945259024178
product_0,143.47278311240322
product_0,46.30966463876378
product_0,559.3175081044911
product_0,109.46111630052013
product_0,161.2882339914422
product_0,29.199998604850364
product_0,192.81262637296035
product_0,184.32095889632802
product_0,165.46893968584664
product_0,242.8097827594711
product_0,53.48128691123699
product_0,261.4700415661143
product_0,123.7114745296803
product_0,208.55340370643546
product_0,95.3123717827788
product_0,254.43854074587136
product_0,60.27053161046045
product_0,319.05756124586867
product_0,180.83211929961905
product_0,123.91477396364193
product_0,64.40634699629683
product_0,98.171059419201
product_0,226.29549907773375
product_0,116.9907260911101
product_0,97.36955076055924
product_0,109.46127426254786
product_0,92.19334495622752
product_0,113.89335514741323
product_0,151.5368463622903
product_0,72.83283758946388
product_0,112.50972089758568
product_0,329.07348871115136
product_0,83.94476711276003
product_0,270.8135594992754
product_0,311.944074018581
product_0,113.83893319213783
product_0,314.52139159254875
product_0,58.11924634019201
product_0,55.039880913363604
product_0,193.2289578189926
product_0,207.82177227190294
product_0,488.130997397847
product_0,287.8134480585183
product_0,104.65533644509094
product_0,298.7619962534115
product_0,251.52629382398393
product_0,73.32427090313905
product_0,48.52111479940949
product_0,45.42281831419058
product_0,99.01449852726398
product_0,136.9880118797133
product_0,71.06228457938411
product_0,181.8776453171828
product_0,227.62091355717897
product_0,447.63224963334153
product_0,80.73550771719725
product_0,156.69755144734796
product_0,135.61633414153164
product_0,65.5807391068101
product_0,454.05952647768373
product_0,146.5357506154555
product_0,313.5815958332579
product_0,317.65352802168917
product_0,38.30361916112032
product_0,325.8087193265082
product_0,24.141324425898006
product_0,174.80202267698525
product_0,166.10204541398062
product_0,116.01526499811045
product_0,315.0756329449138
product_0,235.58612616986633
product_0,109.65583040383841
product_0,73.14045618241808
product_0,426.19677152487105
product_0,65.08312979197869
product_0,78.45901549913839
product_0,225.8656549005539
product_0,241.8542880894577
product_0,42.43919788031361
product_0,191.69852827315663
product_0,93.32198339966821
product_0,304.98739222218836
product_0,100.83564918292019
product_0,69.42733750899423
product_0,519.6453264224729
product_0,87.71198197396185
product_0,207.91115357281822
product_0,112.44256184457984
product_0,231.83920931931425
product_0,73.82916353637889
product_0,175.12190970407318
product_0,137.21446112584078
product_0,86.23178117067945
product_0,282.87805898912626
product_0,231.9024739853133
product_0,132.17630312197997
product_0,188.08902458080885
product_0,163.28310743144033
product_0,364.51205374533083
product_0,226.68360869532586
product_0,111.07981039790046
product_0,314.85876921840315
product_0,199.03698602030775
product_0,207.7028183937974
product_0,37.73338198386921
product_0,95.41172899145884
product_0,139.7574610716994
product_0,298.30092988383404
product_0,86.13319964420774
product_0,161.20722252954246
product_0,88.82117995973285
product_0,72.43941380960511
product_0,153.4348426960615
product_0,478.3003777290066
product_0,234.0666242455333
product_0,37.83707696746827
product_0,222.12880134885722
product_0,39.02878721356889
product_0,211.86357484993096
product_0,200.31322735763965
product_0,256.23229792660044
product_0,260.9267904289889
product_0,93.4067107383494
product_0,398.80526431683154
product_0,171.79247691828363
product_0,106.18954678064365
product_0,519.1619129619753
product_0,306.35281339311194
product_0,213.9967894340276
product_0,323.44935001564534
product_0,362.9776967875339
product_0,73.56749924086368
product_0,68.7996428025524
product_0,75.61805078412557
product_0,446.9574192957391
product_0,119.0449871378876
product_0,51.092237915864914
product_0,377.54930390868674
product_0,124.86728520565991
product_0,35.880709054952504
product_0,143.99956304941023
product_0,286.6763722774238
product_0,83.18017902874274
product_0,154.7674053673174
product_0,152.89085922708608
product_0,147.66987518602917
product_0,73.41607671248379
product_0,327.0168784089094
product_0,154.03462411625796
product_0,170.75001212415415
product_0,317.02099468815015
product_0,136.1138310422713
product_0,107.25548507309225
product_0,31.053249588796632
product_0,52.83876372068285
product_0,83.73365652684967
product_0,117.9465962552406
product_0,423.3208183219948
product_0,171.25164424797828
product_0,38.57520650955884
product_0,221.77910642312898
product_0,247.5000282625749
product_0,170.19396172241636
product_0,241.4121423763355
product_0,506.53630180637987
product_0,298.8909884806524
product_0,68.3869025673762
product_0,288.9458439929727
product_0,179.61573048428434
product_0,412.3401481571553
product_0,248.9376359852431
product_0,143.73778846155554
product_0,164.5111160928506
product_0,20.153762330506158
product_0,217.56370348567555
product_0,259.7159982450116
product_0,120.09318134761813
product_0,117.37778462974802
product_0,417.07171586738326
product_0,263.1327103332324
product_0,245.43970879687146
product_0,90.57140604300655
product_0,474.8270819672227
product_0,363.0133898570706
product_0,19.245931054502268
product_0,110.92149545574735
product_0,417.6657691753708
product_0,191.61912506053656
product_0,244.61762829740982
product_0,171.79530101432815
product_0,168.51759624229595
product_0,474.6001850658354
product_0,22.214674465086944
product_0,59.43708434086451
product_0,189.1502471553515
product_0,224.7227535595577
product_0,17.07249995926988
product_0,248.6318054824565
product_0,352.5414862146624
product_0,46.96208357422303
product_0,456.77805915257017
product_0,350.68703379897727
product_0,178.23004430492085
product_0,57.58370694258032
product_0,34.70514888273888
product_0,89.81166441797528
product_0,381.1592124915729
product_0,21.09881104749805
product_0,51.09505192678949
product_0,320.17927656634805
product_0,157.58483177241757
product_0,142.08661582968065
product_0,42.75502713540882
product_0,365.78696293056225
product_0,157.83357335380833
product_0,286.2806938410724
product_0,136.48284007751093
product_0,219.4609559831156
product_0,42.74713606276292
product_0,289.3742359082769
product_0,196.47242008087684
product_0,344.815055727953
product_0,180.26534351296363
product_0,274.0824759748795
product_0,231.63180093153557
product_0,70.12987011419077
product_0,395.8245548202375
product_0,86.08094974700461
product_0,202.62454474729228
product_0,284.4531417251944
product_0,427.93693809803216
product_0,159.7215818912828
product_0,182.55141213525798
product_0,131.89231368073723
product_0,392.96885744876744
product_0,220.25495493100047
product_0,349.94755010145786
product_0,43.15393535208551
product_0,187.0542603517686
product_0,234.64789685254485
product_0,133.79728170449349
product_0,115.8771727450751
product_0,32.191204111534105
product_0,13.703221722227086
product_0,167.15409515529277
product_0,149.8459389575573
product_0,147.7348467103066
product_0,123.97833688721762
product_1,59.93661944271634
product_1,19.518380812939377
product_1,40.08792877477339
product_1,232.33932273903812
product_1,190.8751916828484
product_1,271.9776393854161
product_1,114.09533956985628
product_1,111.90574526151403
product_1,102.41692924704068
product_1,160.3843575292385
product_1,56.759511607035535
product_1,56.995848148959155
product_1,190.62105090097782
product_1,61.455970877115114
product_1,105.35577521330505
product_1,162.78605049642863
product_1,32.84693327807734
product_1,35.98860712424764
product_1,112.01261247326416
product_1,14.059309488652785
product_1,59.883613799857166
product_1,573.254013417391
product_1,257.96634617792853
product_1,45.97780788324346
product_1,97.28143255827783
product_1,99.41956958121928
product_1,32.6145267259732
product_1,195.66239888222916
product_1,28.66411689006652
product_1,37.86112955610592
product_1,24.247920256457313
product_1,131.16426386270993
product_1,52.18646995942772
product_1,142.66227856858487
product_1,24.782298878647293
product_1,284.40177927368916
product_1,95.48428819908466
product_1,168.66450522289068
product_1,72.54216537934781
product_1,19.761604102101483
product_1,410.8695639118766
product_1,115.4776155700245
product_1,61.449567543255455
product_1,170.74005433541313
product_1,111.40386320800742
product_1,19.445156660453588
product_1,14.320003863320116
product_1,32.29433233875779
product_1,151.18833197522596
product_1,221.1297934513648
product_1,181.75331437658966
product_1,19.491154829434993
product_1,106.36204013728813
product_1,256.64331447760475
product_1,244.36636009999626
product_1,120.22709585622091
product_1,21.117056448516195
product_1,235.84077052911758
product_1,192.9712211495294
product_1,222.0715058534779
product_1,60.10388472135959
product_1,158.1380412740294
product_1,66.23598927163967
product_1,60.098179597514985
product_1,31.89387954014083
product_1,0.9368124181843422
product_1,157.22350760701852
product_1,82.9925352480917
product_1,57.48061486421684
product_1,64.00724499838968
product_1,104.55730547075942
product_1,84.33378892238872
product_1,104.43665968049184
product_1,105.19327929227514
product_1,94.90238928614134
product_1,90.62550602388902
product_1,107.2190108033426
product_1,148.67578624836693
product_1,39.8310214504076
product_1,95.58616054217934
product_1,8.401337574905533
product_1,277.29980993469707
product_1,42.40822914124698
product_1,38.807755968372355
product_1,61.65653414886688
product_1,245.7127842378573
product_1,41.38181148046838
product_1,51.629162127639674
product_1,236.37709866183883
product_1,43.30213531976074
product_1,93.9991636924939
product_1,91.97137755705143
product_1,74.07799159823239
product_1,68.59313807551476
product_1,19.650921806000763
product_1,54.16644054046164
product_1,10.688326151292587
product_1,70.85147539378062
product_1,37.53779577984705
product_1,112.27765261147512
product_1,169.7919405482091
product_1,116.208742386354
product_1,147.29785724577883
product_1,35.692141184985
product_1,137.24365334625892
product_1,30.417371569357176
product_1,64.75282682750473
product_1,46.18675653671693
product_1,191.07514542606648
product_1,81.14590323384742
product_1,73.00057416967215
product_1,17.643462797285146
product_1,109.5102961304311
product_1,33.80411453398708
product_1,348.19966350189
product_1,74.87666118716321
product_1,42.60225514243908
product_1,127.63791289094495
product_1,64.63777492428775
product_1,25.526540381613373
product_1,39.57521681802039
product_1,50.02149300983402
product_1,317.0095584213895
product_1,262.64754258208194
product_1,242.45157507654
product_1,185.59779286982288
product_1,61.133038755791475
product_1,109.68313288658733
product_1,282.90030918309384
product_1,14.724042204688022
product_1,50.2774771771362
product_1,165.46683079895482
product_1,64.33852129677685
product_1,312.64484663462963
product_1,3.2580424143288447
product_1,131.49877615028825
product_1,123.74918538752247
product_1,29.318924274479482
product_1,160.6221551038119
product_1,114.66150354018527
product_1,77.91413547863951
product_1,77.34991474329232
product_1,153.52945552049263
product_1,21.337680576408324
product_1,119.12475749197726
product_1,153.23269585616598
product_1,39.20616404572012
product_1,130.16806412031494
product_1,232.26934318032585
product_1,7.680350109794538
product_1,194.89084249346936
product_1,331.54065607422416
product_1,274.62597311651405
product_1,84.02970240920902
product_1,177.75110773093448
product_1,19.456977316331184
product_1,56.26778747577126
product_1,167.01064156989676
product_1,53.17254985140535
product_1,59.31489353008853
product_1,26.3218140729236
product_1,26.217525386373424
product_1,80.62623410293189
product_1,300.9215088267624
product_1,246.7541887092054
product_1,39.33508527356907
product_1,215.19333961990912
product_1,55.132694375927606
product_1,50.8282711075723
product_1,65.40081876072969
product_1,70.8634126825469
product_1,259.5253627018157
product_1,15.513093004142613
product_1,45.52932574792349
product_1,157.30125647831215
product_1,134.89514167320357
product_1,11.158125884786207
product_1,64.70674547094444
product_1,279.443076619328
product_1,148.08438548886602
product_1,279.82667468217886
product_1,19.814086293527804
product_1,69.5062814434407
product_1,203.85317182051227
product_1,46.514908895250834
product_1,160.5750542281113
product_1,41.74350921686883
product_1,151.10388195046954
product_1,64.09977230459857
product_1,14.378900645218188
product_1,107.4306369137291
product_1,296.45418920953455
product_1,80.05972108507424
product_1,236.31992625228517
product_1,19.55772703175837
product_1,246.43908584973354
product_1,284.3459135334182
product_1,84.80139010483578
product_1,103.43204662437263
product_1,143.68286696176736
product_1,144.87343493167955
product_1,210.0808081888942
product_1,68.06350181916834
product_1,9.421772302332402
product_1,223.5522003779143
product_1,112.59182853089757
product_1,34.5127418231273
product_1,36.98142081338098
product_1,118.66432814887396
product_1,561.2803083527239
product_1,15.347518259736123
product_1,63.26398339022602
product_1,100.79321746188789
product_1,391.94560785251963
product_1,499.47222481894255
product_1,15.925703127728557
product_1,170.19027822340476
product_1,269.8872980531661
product_1,88.43535860279827
product_1,84.82581057626285
product_1,105.60748317553237
product_1,48.725772882601895
product_1,17.992867936094324
product_1,24.75961302247761
product_1,264.5688895132023
product_1,189.45337273297767
product_1,20.66943609618724
product_1,10.806206201136186
product_1,29.98637122192576
product_1,132.19569383720287
product_1,130.46116289341356
product_1,8.64786929352618
product_1,148.1133828818243
product_1,137.83987590926694
product_1,139.86498861391433
product_1,85.82176536490681
product_1,577.1131984372772
product_1,148.08974965040113
product_1,27.0687864689166
product_1,198.5579427394856
product_1,228.11352552868956
product_1,212.95870726402336
product_1,79.49043734190404
product_1,49.58253919821035
product_1,3.759840283647844
product_1,203.27630581732691
product_1,94.71908986073325
product_1,47.20220360676599
product_1,136.95311005892088
product_1,37.12037312687105
product_1,62.78939371029536
product_1,70.56499091709796
product_1,52.02955725660989
product_1,81.2729185744548
product_1,255.9557402071331
product_1,32.25121099097572
product_1,153.18158962266108
product_1,30.966506140844768
product_1,558.7143604963949
product_1,114.85372451877363
product_1,6.594125454990149
product_1,182.11326036221632
product_1,56.70709418247687
product_1,152.0465934965568
product_1,102.8429701763521
product_1,24.524995748447846
product_1,76.86613183490832
product_1,119.45620154787288
product_1,67.3647929180729
product_1,150.94520893685967
product_1,131.58148262309663
product_1,154.22839595374657
product_1,24.248592620599876
product_1,68.96471899491888
product_1,136.74354168853037
product_1,220.87169144524066
product_1,118.78495384466727
product_1,171.47625544756198
product_1,208.95604141799282
product_1,108.29448925835176
product_1,58.785772422673986
product_1,59.94499705949892
product_1,206.3422161292462
product_1,120.58114206260795
product_1,289.76660654478326
product_1,78.75564810953871
product_1,1.929178840737977
product_1,339.25212528411816
product_1,63.3421548069439
product_1,17.416685819386892
product_1,69.0333345300917
product_1,87.6978778610688
product_1,285.705230703157
product_1,15.248062943159375
product_1,54.5940190985666
product_1,131.23255364439785
product_1,40.15950069836982
product_1,11.840759499507252
product_1,122.89667281611304
product_1,142.25620301277917
product_1,31.123508212627346
product_1,148.64670162872542
product_1,716.7918744519013
product_1,50.60741755119159
product_1,77.39294960910246
product_1,35.2646626791105
product_1,311.75439941997297
product_1,27.07127359705719
product_1,90.54068973111019
product_1,87.49036044564882
product_1,12.624413959613166
product_1,95.95307205478474
product_1,162.55807086894131
product_1,111.34328175566534
product_1,71.53890664279699
product_1,219.42965754847526
product_1,67.66969781036069
product_1,96.67129616997335
product_1,69.3773275634268
product_1,158.24700608179322
product_1,118.44033237340925
product_1,66.95102761892495
product_1,123.1721827959153
product_1,132.80746569354045
product_1,187.77463851369674
product_1,60.324938023094425
product_1,60.039583274068995
product_1,101.65891636073499
product_1,354.34413624294575
product_1,157.19255259424173
product_1,71.84407954615145
product_1,41.22149039425268
product_1,110.04937791823029
product_1,207.48473582927934
product_1,188.40549783369613
product_1,17.890407137781732
product_1,67.94280648054749
product_1,71.60461412258547
product_1,21.848170650725706
product_1,119.97831515657543
product_1,52.774753881975634
product_1,167.01888401982032
product_1,296.7021040120556
product_1,4.8904003904502895
product_1,86.72474139084022
product_1,71.83050618585641
product_1,176.4277461455754
product_1,412.08983531062245
product_1,229.9416404582026
product_1,184.76589279971134
product_1,7.149971615602762
product_1,63.99838969189583
product_1,9.8138420649299
product_1,33.76700776676771
product_1,5.229202172311582
product_1,25.359492790875873
product_1,253.5247815823903
product_1,33.54765916504346
product_1,25.616776392048802
product_1,29.594801370488767
product_1,72.99897517755215
product_1,497.71204147586593
product_1,92.7577630105154
product_1,145.9313738937642
product_1,121.46941878094684
product_1,143.04398895792824
product_1,18.98959615630876
product_1,116.91587613121906
product_1,90.87609785117105
product_1,128.17327167367276
product_1,21.988132103918897
product_1,255.94831717963802
product_1,264.39978549466537
product_1,173.21029364315785
product_1,164.72562655985146
product_1,41.96959860625754
product_1,349.73375128805924
product_1,25.83439478840418
product_1,8.082483820510522
product_1,59.928090860111276
product_1,76.0874815162141
product_1,174.98074953980262
product_1,47.61402241304249
product_1,31.70226013994461
product_1,22.97277221185154
product_1,88.07881508713612
product_1,113.33575322413922
product_1,47.87711220927487
product_1,133.22914959004683
product_1,81.97022274637324
product_1,88.47596633170376
product_1,232.53226630699248
product_1,52.92034474721485
product_1,296.9054751034584
product_1,531.4166982409424
product_1,42.98833677617843
product_1,144.41669138681874
product_1,23.608762577065107
product_1,105.1096366694131
product_1,451.9076640423256
product_1,131.73395051053058
product_1,77.40381943731757
product_1,218.18662544026913
product_1,52.621833459572485
product_1,153.14313413142926
product_1,246.88632703747047
product_1,82.81069578398105
product_1,217.4675313964706
product_1,129.1388135683428
product_1,193.12574041294548
product_1,202.15230907947873
product_1,98.45959508916663
product_1,117.10123103545611
product_1,284.4440712010828
product_1,253.56415496944527
product_1,170.15331834636797
product_1,6.516550966632733
product_1,364.64123302866074
product_1,65.97145056344834
product_1,1.9058354377490088
product_1,71.40191157251446
product_1,133.1698750786695
product_1,183.86343080528005
product_1,187.30679578384172
product_1,20.785580585410074
product_1,333.24958392956523
product_1,62.183909739467815
product_1,73.72456370746173
product_1,15.823520637798353
product_1,162.33997973495795
product_1,37.083914225380504
product_1,26.38109508981525
product_1,274.64542768463514
product_1,148.52479525631105
product_1,139.71129146449314
product_1,39.01808730670748
product_1,39.376427614251384
product_1,14.33534584994459
product_1,80.17111730241822
product_1,49.38154626544607
product_1,81.66531046911187
product_1,102.27755606650685
product_1,27.020150991951674
product_1,204.89307820204374
product_1,13.635991524507284
product_1,23.017732066343324
product_1,302.7426849491869
product_1,36.46185366877206
product_1,84.44812219811976
product_1,160.34506281862522
product_1,71.40344533947719
product_1,70.54312645187689
product_1,68.59705794319031
product_1,87.96723514140817
product_1,42.94522305871569
product_1,92.31723753266535
product_1,121.78609113567424
product_1,27.125621240877308
product_1,211.61990875810773
product_1,87.0261040344046
product_1,76.18063887599246
product_1,44.399351284428974
product_1,70.44314478096472
product_1,26.563941730512607
product_1,57.809688827808046
product_1,140.49501886343742
product_1,213.92230995607625
product_1,81.91493882403097
product_1,140.2707774597421
product_1,61.169633950341016
product_1,11.755329320834742
product_1,24.31700528811586
product_1,6.1104290603576015
product_1,47.6083474239144
product_1,51.340556455958634
product_1,41.43779811716542
product_1,74.26330585933401
product_1,104.70182056413874
product_1,64.45992736775067
product_1,7.767498930452798
product_1,2.422170536516617
product_1,65.24604324244363
product_1,103.56212266639207
product_1,32.72994911886025
product_1,44.64514174616902
product_1,170.71384823412748
product_1,235.0925235736559
product_1,144.94261889382878
product_1,63.27947998521512
product_1,106.82625121797159
product_1,345.1705417784972
product_1,231.36837727266987
product_1,158.7274922443215
product_1,68.91056007503393
product_1,77.0886216619559
product_1,45.15444975033311
product_1,24.261974628425726
product_1,11.772170278653093
product_1,9.028985559521496
product_1,62.98068782311601
product_1,98.23471202216223
product_1,163.55834083316654
product_1,10.083778407009842
product_1,26.21606516378419
product_1,119.33302872068401
product_1,84.2050252445351
product_1,14.856482451536793
product_1,9.904237401413198
product_1,56.93839464191896
product_1,61.205103209935814
product_1,66.69011379603377
product_1,148.26397322501094
product_1,227.01092861130294
product_1,12.19192654067795
product_1,13.816013264903333
product_1,47.96088992233137
product_1,151.5742388258135
product_1,204.10442516260048
product_1,149.62055956810985
product_1,28.492143556731538
product_1,33.37583237692822
product_1,316.763324029641
product_1,47.59555558260342
product_1,246.3291070912156
product_1,62.155497820037425
product_1,205.62080299584125
product_1,93.30463185171813
product_1,6.195589638958397
product_1,49.48544498731057
product_1,28.422493834696308
product_1,313.6795834936193
product_1,54.23823322980344
product_1,242.67650916302023
product_1,259.032898111094
product_1,136.20198216265655
product_1,107.0820289227503
product_1,361.04116005326034
product_1,10.790698284816608
product_1,154.21677821405405
product_1,131.65682672347666
product_1,326.7706882633018
product_1,280.827919959487
product_1,28.334177841573542
product_1,149.91601061738206
product_1,120.18240566358249
product_1,243.0658151633741
product_1,17.74685092287734
product_1,199.06556995677295
product_1,190.15386583986276
product_1,316.23542795427664
product_1,92.02638137951918
product_1,34.675384712245936
product_1,231.2607563921866
product_1,123.89592966963579
product_1,88.16209962128669
product_1,56.07647077608245
product_1,203.13034395822012
product_1,110.10891742355608
product_1,32.7235973716627
product_1,21.03384442896599
product_1,176.98316931848242
product_1,49.379820152245024
product_1,244.00805986618929
product_1,82.93721133753542
product_1,13.768672353005064
product_1,7.439584429429724
product_1,113.49333255370385
product_1,54.6695086681807
product_1,75.03858450031181
product_1,260.12555972879034
product_1,123.26682070502264
product_1,12.688854389793937
product_1,165.40918407898462
product_1,12.726703720594678
product_1,130.7520104993643
product_1,87.88923050448142
product_1,107.78949141279836
product_1,375.2688680904093
product_1,240.24690069573964
product_1,173.87119453601312
product_1,41.14721210987093
product_1,250.330021581418
product_1,47.977553254648406
product_1,103.06233781520181
product_1,51.342276176369126
product_1,21.95317735386426
product_1,199.87356980162184
product_1,137.88939055378634
product_1,97.3551787407534
product_1,113.79906412890338
product_1,252.248314489091
product_1,159.0284546554706
product_1,367.7290675654086
product_1,76.73687763012576
product_1,56.04466595891194
product_1,273.5143500259907
product_1,161.1841994491548
product_1,567.1165021523752
product_1,75.13954908399732
product_1,43.5757769748373
product_1,117.22198679329001
product_1,97.4922589367745
product_1,83.05169042399436
product_1,258.21260872176737
product_1,84.67025548097116
product_1,479.13983388352375
product_1,67.13760528256168
product_1,216.93400258620161
product_1,143.67289545362905
product_1,46.98833571072367
product_1,61.77948527606719
product_1,113.57861522090481
product_1,69.70111902158143
product_1,86.28543034427776
product_1,35.27126126313596
product_1,366.45470658643796
product_1,54.729256403947545
product_1,54.31745670177298
product_1,8.844580505163126
product_1,8.204433741329897
product_1,254.96430871005944
product_1,476.44911041074454
product_1,121.79982024222743
product_1,103.037649304854
product_1,178.22279304733448
product_1,4.468566983300305
product_1,35.38328481053828
product_1,89.85759974367701
product_1,90.11925661888675
product_1,43.883093230491255
product_1,45.31089500208717
product_1,336.3959095344076
product_1,252.07511685852654
product_1,161.5710282321127
product_1,178.42195361124885
product_1,82.21901720227325
product_1,165.74680942283112
product_1,189.60894673070757
product_1,11.975683244238619
product_1,259.45407531970983
product_1,187.36410398980578
product_1,72.36167380419833
product_1,93.45546048970046
product_1,111.93572272365867
product_1,56.927279552198776
product_1,62.45233524281749
product_1,92.28458123255781
product_1,125.37024079850423
product_1,196.33924827128303
product_1,117.51356214710039
product_1,125.27157758813567
product_1,14.137213175781143
product_1,56.22619936100325
product_1,47.284544463440675
product_1,19.09246239569799
product_1,53.6443636752587
product_1,110.92474195380703
product_1,80.2923413675068
product_1,188.83622682211927
product_1,88.65645228729088
product_1,78.10420130606813
product_1,117.36536045203027
product_1,107.75715072812373
product_1,29.4509379657583
product_1,117.35624105787967
product_1,200.2399208593883
product_1,69.87335025341491
product_1,167.11195879182827
product_1,439.2237329253204
product_1,105.10402290552149
product_1,206.10015742621013
product_1,182.07492561246397
product_1,16.34549424784064
product_1,249.86003067090425
product_1,228.29684472667847
product_1,49.87444099610412
product_1,43.3422876494541
product_1,197.3255584808098
product_1,44.38535276568397
product_1,13.196528133528178
product_1,19.0433721951548
product_1,152.57217462979537
product_1,31.430464730461143
product_1,28.73010292178572
product_1,30.151043666221028
product_1,63.483614966095516
product_1,116.33676646346791
product_1,85.60067092974967
product_1,23.793676483372145
product_1,90.12956735283763
product_1,52.699234881648714
product_1,222.80020423037672
product_1,26.782373674690714
product_1,516.1560031794108
product_1,55.26554852415843
product_1,66.98397532567837
product_1,139.3576568534143
product_1,49.83075337535525
product_1,121.40976931699814
product_1,221.5746887563845
product_1,2.1563208804424163
product_1,118.96946989668321
product_1,284.9810947800401
product_1,123.48871522906633
product_1,103.26300992361148
product_1,384.9951183282897
product_1,119.66622927359202
product_1,86.01850822341179
product_1,25.557334975903288
product_1,205.71489105517745
product_1,155.88972339901918
product_1,171.4803380810454
product_1,202.9548042058777
product_1,19.296689749747657
product_1,10.007243583395322
product_1,151.52749194729785
product_1,157.60408383809101
product_1,114.25566443993638
product_1,148.70356204395776
product_1,28.957248317289586
product_1,300.0191158330083
product_1,16.794302278659533
product_1,6.10587182951205
product_1,38.59704427546301
product_1,19.33805951628683
product_1,32.537754323439025
product_1,97.93283717474175
product_1,66.57685886420974
product_1,121.08876283466813
product_1,67.90624603155013
product_1,102.76293762637769
product_1,86.03028244689798
product_1,80.11212283309123
product_1,147.43443359239242
product_1,55.051134505151396
product_1,94.66157045951701
product_1,80.6196862267001
product_1,33.85243788363394
product_1,47.82752260548027
product_1,418.1225054541127
product_1,121.84603566489301
product_1,41.122785055484265
product_1,10.599665828714233
product_1,85.87525347846992
product_1,277.3201918576771
product_1,6.462843376547882
product_1,38.607024170772014
product_1,110.39591252914241
product_1,49.19300394911278
product_1,151.15213893885732
product_1,166.6261192150777
product_1,180.1470060587262
product_1,96.10247097583188
product_1,20.845026263033677
product_1,45.6609336208646
product_1,34.50098487973826
product_1,221.60259954864352
product_1,441.70422099896234
product_1,33.79261326518479
product_1,327.9832565983137
product_1,41.582107109482074
product_1,48.78269430643637
product_1,14.758574437512262
product_1,38.29627015110015
product_1,236.41451644629856
product_1,26.75800970067705
product_1,33.024628702739285
product_1,31.52474607417711
product_1,56.6318833911284
product_1,93.75226361685048
product_1,73.61940088231313
product_1,86.22305101504355
product_1,348.99716930132837
product_1,36.01858023813683
product_1,109.4909517407572
product_1,57.32129105633432
product_1,139.13288053386083
product_1,281.50510702318945
product_1,57.30181997633582
product_1,148.71943050498038
product_1,134.75309212400362
product_1,69.04279682620232
product_1,53.7831292297726
product_1,47.145071028415195
product_1,25.832442209730658
product_1,122.87355285571596
product_1,36.843230432065475
product_1,177.23041739570044
product_1,141.0835071533921
product_1,71.03170610422033
product_1,61.40845155215077
product_1,253.0171417977018
product_1,134.2877529529489
product_1,21.732090563721627
product_1,40.70544303138736
product_1,4.4734370572897335
product_1,232.72475700202662
product_1,13.70766684397957
product_1,132.2842692428296
product_1,140.35931981782326
product_1,112.44173605214502
product_1,76.93785585945386
product_1,6.653916985758096
product_1,130.3982959167421
product_1,436.2725158693542
product_1,1.1193185041014695
product_1,143.69645145755538
product_1,284.05470794054094
product_1,54.104668818621185
product_1,227.33272594974989
product_1,167.16867502217292
product_1,100.6323754307461
product_1,203.1131260493183
product_1,132.84880995367803
product_1,32.261124340846564
product_1,10.263430375278839
product_1,131.49777704799408
product_1,4.694560820176364
product_1,578.870804188473
product_1,199.57399310471823
product_1,20.441933669199134
product_1,104.24209034868488
product_1,155.21090961658953
product_1,202.84477483943365
product_1,113.72457369210171
product_1,59.71572898192112
product_1,74.13664017178326
product_1,108.00877443007785
product_1,85.22390020078176
product_1,162.6059425993884
product_1,26.803258079632634
product_1,22.319948398009622
product_1,30.14593288553278
product_1,179.57362034274226
product_1,56.025218046585344
product_1,62.810679397216845
product_1,228.72692320188426
product_1,323.46136121039365
product_1,120.68434224755796
product_1,179.229139842495
product_1,9.663838200195409
product_1,86.53983392518423
product_1,207.30818121577235
product_1,64.86795169309606
product_1,44.124508569461376
product_1,22.19987936203547
product_1,193.40880917715288
product_1,5.121615193763682
product_1,22.749735917881576
product_1,92.13215281261917
product_1,91.72836755182284
product_1,32.111061709588604
product_1,103.16556769550401
product_1,187.12468259278614
product_1,339.13963747510894
product_1,13.06057206623313
product_1,298.04942217408603
product_1,22.259749236365963
product_1,32.03629964900451
product_1,26.79056414724509
product_1,40.57943184485128
product_1,92.72666541898607
product_1,31.38448899105541
product_1,6.220044996769579
product_1,27.829934778185155
product_1,86.89664041119627
product_1,100.93526586282326
product_1,21.721394931171307
product_1,16.43744744015963
product_1,111.39286850568362
product_1,121.84303784464602
product_1,230.2453470102065
product_1,26.901949689724777
product_1,245.34826001741428
product_1,44.068759022321714
product_1,1.0239566243134848
product_1,194.03254991316126
product_1,104.40690641610402
product_1,113.11651174141734
product_1,391.91468461748826
product_1,88.01510302912807
product_1,84.01314366814101
product_1,97.38873623822457
product_1,28.36672336020213
product_1,129.6018667739981
product_1,70.82121574847726
product_1,90.63950465370482
product_1,133.22877370696213
product_1,49.008110159066206
product_1,59.46176872042663
product_1,108.48952696667168
product_1,321.08569263800086
product_1,73.75143097108784
product_1,23.768950105634534
product_1,164.69459008869927
product_1,149.52135547893712
product_1,224.0489147664401
product_1,38.25420361230704
product_1,70.81131774340635
product_1,26.82048425129527
product_1,231.47679731387976
product_1,79.12023995432793
product_1,109.38750054467215
product_1,16.709041358973263
product_1,97.36202048054558
product_1,10.211785386922227
product_1,98.65182911513305
product_1,111.16766256371676
product_1,81.0270175120073
product_1,556.7134913820306
product_1,156.49726909990406
product_1,336.09142459002896
product_1,417.0712525337194
product_1,28.03926028523475
product_1,205.56205382516828
product_1,183.5573919989557
product_1,45.56189179778029
product_1,356.15093632100974
product_1,20.71636985798297
product_1,1.826797953608383
product_1,27.627157668241413
product_1,184.79306054150965
product_1,168.13470129825097
product_1,50.463599079741556
product_1,105.7749379036841
product_1,73.75820553488816
product_1,59.04969917355787
product_1,190.00416684384274
product_1,13.69903078072198
product_1,90.91582471959775
product_1,213.9024933262638
product_1,106.31149166321472
product_1,24.826883764525824
product_1,73.49864317101259
product_1,82.34806635458284
product_1,129.506930870696
product_1,12.304574199728384
product_1,300.78971791888733
product_1,92.34556414057398
product_1,9.342778558572764
product_1,1.3012838710887826
product_1,71.94300798049396
product_1,130.95415074045204
product_1,233.85769507777258
product_1,245.59086305497408
product_1,6.827110244732184
product_1,516.9959205436429
product_1,83.65980296769838
product_1,73.430937856835
product_1,162.32637840473933
product_1,51.127023745622786
product_1,104.32496737228219
product_1,7.331436596319616
product_1,201.87669445532083
product_1,164.12103928834256
product_1,15.614934415896297
product_1,334.73395236140607
product_1,195.02244956099452
product_1,31.375098026843744
product_1,141.05534174741672
product_1,66.72290519234674
product_1,46.08118471984741
product_1,79.85194515751778
product_1,43.87227650606312
product_1,140.9396824219088
product_1,6.777922079869398
product_1,184.59182073845105
product_1,36.7021931373022
product_1,267.05106920256594
product_1,189.1607273626203
product_1,129.59641420732333
product_1,34.09634547720746
product_1,108.30941993230046
product_1,296.78229504223486
product_1,93.16427094393224
product_1,64.00614342240429
product_1,17.160245808512105
product_1,33.43446288938591
product_1,21.518693513181468
product_1,167.91644906800894
product_1,145.53729216920524
product_1,76.86590618627086
product_1,80.06856034720298
product_1,286.4914159621095
product_1,146.12975502394875
product_1,153.8101400551827
product_1,16.027925637724344
product_1,294.94365898147475
product_1,97.1155066304126
product_1,278.0874618915785
product_1,47.8264355888351
product_1,138.09037674555745
product_1,36.597974549627374
product_1,190.66194922639033
product_1,55.57272832887659
product_1,171.66157878100125
product_1,167.69855780008595
product_1,227.09796494159434
product_1,18.15527873576098
product_1,96.90758165717102
product_2,215.28999810296884
product_2,57.331211521541924
product_2,84.42209250701684
product_2,108.29488797268158
product_2,17.840780903277732
product_2,210.38387182452516
product_2,472.25338588493383
product_2,43.87021122570307
product_2,42.416059727569234
product_2,59.9133121328333
product_2,245.1114488751863
product_2,136.50014278818713
product_2,145.08669314030428
product_2,100.30056672300434
product_2,100.49291007037816
product_2,82.65215139252957
product_2,98.01717334365965
product_2,118.9630172966801
product_2,190.7385417911145
product_2,14.708706134551003
product_2,40.85733891474232
product_2,135.959657015753
product_2,150.9116011865147
product_2,138.52871437314744
product_2,113.66676085023201
product_2,76.16885688745054
product_2,220.75423403040816
product_2,75.84136612636706
product_2,117.96468575456987
product_2,50.8251018601906
product_2,48.50609322152826
product_2,16.79339378848251
product_2,73.29764311628466
product_2,33.63657806266372
product_2,184.99785317401427
product_2,102.29905843840002
product_2,180.62580582558192
product_2,62.9261381937354
product_2,7.863962572824295
product_2,142.45254927704852
product_2,189.48747954477716
product_2,146.63532479470362
product_2,461.3647239822851
product_2,13.361555971784368
product_2,0.49743480523560324
product_2,64.22465474597311
product_2,157.2040511289856
product_2,111.01633342131316
product_2,275.4565554446881
product_2,81.97084859934647
product_2,33.25793710073914
product_2,132.5217500849422
product_2,159.67494810283665
product_2,313.88296777721143
product_2,192.42469728455725
product_2,167.3516127626717
product_2,39.84916474073849
product_2,9.965283009716364
product_2,55.61156384788984
product_2,25.895072402379075
product_2,48.045976168908
product_2,99.7094834388636
product_2,106.8291770993515
product_2,114.62885181465238
product_2,198.78967695058864
product_2,35.224426769295945
product_2,227.02260493836795
product_2,105.10707392873434
product_2,117.7290850262003
product_2,172.31922521021852
product_2,77.03646963819772
product_2,39.3687143824001
product_2,170.04304214524396
product_2,64.82816620848456
product_2,86.2057697470059
product_2,32.81297387989879
product_2,130.97698236869746
product_2,42.524494859987286
product_2,74.88292722413532
product_2,200.8238299172494
product_2,8.70173008575177
product_2,37.9810626185424
product_2,43.65635693766111
product_2,149.21516376165192
product_2,308.79064988966866
product_2,228.14704354097762
product_2,166.177220479497
product_2,115.3451896284712
product_2,90.11811265672016
product_2,36.29033308268047
product_2,11.064726670332103
product_2,111.16426126779794
product_2,114.9198582547113
product_2,72.47263986286245
product_2,36.3908297535779
product_2,74.98232194540982
product_2,73.60264688407041
product_2,43.28364166984872
product_2,96.04191235023566
product_2,7.370125261974055
product_2,65.80936350426516
product_2,71.2786004248784
product_2,46.90653228952143
product_2,0.16169133900824728
product_2,87.58511580878675
product_2,359.7709628784174
product_2,119.26157898481247
product_2,242.29732259088075
product_2,6.296489461458811
product_2,18.078746123178906
product_2,85.57933472961402
product_2,72.28619731113889
product_2,200.1564405657332
product_2,105.71911347943501
product_2,155.6499083564811
product_2,44.600088862100755
product_2,81.62904506016945
product_2,94.71523855093405
product_2,268.5952408758111
product_2,280.2122017001719
product_2,60.7720314853783
product_2,3.871334722165785
product_2,142.1118456896454
product_2,33.67813650918299
product_2,54.44185027024208
product_2,218.84692101715405
product_2,27.034544985186674
product_2,55.04835711721152
product_2,41.853599414064405
product_2,89.21809780497193
product_2,15.28125907644391
product_2,62.29552467964596
product_2,53.66652370020076
product_2,26.42762316552507
product_2,184.35316707463744
product_2,214.55134376405533
product_2,76.30035101458357
product_2,100.91466344401195
product_2,6.676175731343223
product_2,39.173149028795564
product_2,53.104864714718886
product_2,49.56019652222275
product_2,76.84040578703959
product_2,10.83044583791896
product_2,152.9618471578511
product_2,18.114978924308488
product_2,79.8403291092464
product_2,201.0748574775031
product_2,127.1135026937676
product_2,44.12016555731164
product_2,101.6813901177543
product_2,85.53238351484003
product_2,72.90923305507488
product_2,40.90520766808378
product_2,130.022532136991
product_2,89.13040419887187
product_2,91.38866073015166
product_2,56.97527066802098
product_2,29.352403993320323
product_2,165.37260566235756
product_2,178.80535956004582
product_2,100.2671240570458
product_2,72.69699162602136
product_2,47.94746460469348
product_2,115.27205274578242
product_2,72.13358456049953
product_2,194.08058894359735
product_2,87.85262779515459
product_2,99.86465492788703
product_2,24.760050964386505
product_2,17.288024360100593
product_2,77.12395140286796
product_2,84.95076804691227
product_2,189.17946132352486
product_2,265.14151379594085
product_2,224.30822931783717
product_2,136.1598245923442
product_2,83.23785272597009
product_2,122.56802819914212
product_2,37.942149266238474
product_2,354.86325623817316
product_2,0.9371766717999915
product_2,220.7381841034951
product_2,248.1692895670817
product_2,215.63794324111998
product_2,99.29446802334036
product_2,57.429289718628326
product_2,48.86691517814875
product_2,543.1051330082591
product_2,73.61795000490899
product_2,90.60683296719556
product_2,31.009720853695185
product_2,120.79072704506501
product_2,36.115699167944555
product_2,123.74274634246343
product_2,90.70981100409573
product_2,223.12705741392875
product_2,33.019953836039676
product_2,82.64089902594587
product_2,101.05997613945864
product_2,7.752115452634782
product_2,28.68207059100934
product_2,54.481986725520066
product_2,109.81782322334277
product_2,42.9486445386197
product_2,17.320431714141254
product_2,103.36406445159368
product_2,29.372035629204145
product_2,87.26363372922219
product_2,91.32338889745866
product_2,70.36970256234183
product_2,32.67509873370371
product_2,61.849872839290796
product_2,94.43839172067399
product_2,185.02754299006955
product_2,13.466656673150839
product_2,146.80060659383784
product_2,168.9690294447686
product_2,26.122177765540957
product_2,58.63369239415413
product_2,160.1953653431075
product_2,123.58307407744405
product_2,132.07818280765534
product_2,49.398458294440246
product_2,39.750284757530004
product_2,64.6689856619263
product_2,416.4140001117998
product_2,60.3053285924267
product_2,145.9657404646827
product_2,56.66269478731633
product_2,52.58526011426971
product_2,4.191659758465248
product_2,27.663052067664122
product_2,290.43795563905974
product_2,123.55596164786509
product_2,138.63631742701196
product_2,54.193311045672
product_2,18.519383546798434
product_2,143.2823749147325
product_2,101.8175331661249
product_2,315.4879343291766
product_2,95.65232609244788
product_2,32.847882555270786
product_2,111.93839089986365
product_2,2.7334123803825463
product_2,103.3561270702893
product_2,94.3123958842555
product_2,75.87908639799679
product_2,41.049558150287154
product_2,89.14157308899965
product_2,140.5401339947588
product_2,104.08424422705069
product_2,37.366242427654996
product_2,96.5199659849845
product_2,30.95775795990675
product_2,6.332331089784562
product_2,8.064183320183457
product_2,35.587920037055426
product_2,122.43010554039272
product_2,172.48193705928054
product_2,8.820938030565882
product_2,118.54539874319849
product_2,145.64984052405515
product_2,17.41345640214359
product_2,131.41731429333637
product_2,50.32519690397573
product_2,195.8573405776567
product_2,19.24169377541714
product_2,107.89492810193116
product_2,169.18978196085013
product_2,348.1392967315818
product_2,19.3840875872341
product_2,296.97138856514
product_2,189.29654030617013
product_2,121.02952180056225
product_2,42.11102666624591
product_2,95.30037671020035
product_2,206.7830576320218
product_2,131.5190254168913
product_2,14.897024677235295
product_2,179.56107943486256
product_2,9.417298558795157
product_2,13.78041917488302
product_2,121.82479241338156
product_2,65.29379720236749
product_2,60.951320846114626
product_2,88.41801208428134
product_2,19.69002685829274
product_2,218.07013061984935
product_2,451.73478526274334
product_2,125.3183573349181
product_2,344.8913169266779
product_2,62.56277402683643
product_2,92.95156732083322
product_2,258.49874029304294
product_2,62.39893378000253
product_2,51.481414109970196
product_2,25.543230727688343
product_2,65.6759138601195
product_2,69.17860507602086
product_2,95.45936721123742
product_2,27.164408909264242
product_2,111.65740333000292
product_2,121.45040227139135
product_2,37.453411780175486
product_2,93.04280710481164
product_2,131.77896571198576
product_2,120.81811444729067
product_2,48.3816309847555
product_2,68.68085524332045
product_2,150.84262663714523
product_2,221.56789181408854
product_2,11.196691259185375
product_2,88.82202589354284
product_2,199.21953726542213
product_2,62.54931378995456
product_2,26.517003989691048
product_2,84.72782571285751
product_2,287.45018444813957
product_2,122.8454455477561
product_2,24.059816188577454
product_2,117.35630065457715
product_2,85.4345804736242
product_2,94.48820089094154
product_2,36.365767563402386
product_2,89.13277787163834
product_2,157.88226713068627
product_2,19.71882993612557
product_2,235.95121563178094
product_2,23.193069582869448
product_2,196.11411187715538
product_2,83.81067927900054
product_2,40.7473426160761
product_2,5.282415852815578
product_2,28.61477057329143
product_2,116.6002243540889
product_2,104.60649498239819
product_2,122.54300231001278
product_2,286.7828995885318
product_2,137.52793998006098
product_2,33.46633480698503
product_2,34.937900146008104
product_2,59.6119560046633
product_2,100.91705002215897
product_2,176.38002977631567
product_2,63.85274408628295
product_2,30.02157514435065
product_2,74.8281453505021
product_2,46.267797736436506
product_2,70.51470874814567
product_2,218.6086602335216
product_2,207.86512431159142
product_2,57.12574190715411
product_2,347.6092170782207
product_2,168.95024885611988
product_2,31.925578269039136
product_2,103.51293309740379
product_2,28.16253254847551
product_2,454.3687100597485
product_2,113.03605046279046
product_2,33.58903156622199
product_2,23.83925783033737
product_2,109.71421627672316
product_2,124.47610999435976
product_2,102.03476688520026
product_2,13.142396929652945
product_2,190.54476020844177
product_2,23.4819608202297
product_2,113.79636499989547
product_2,42.71647140619984
product_2,41.627072841239084
product_2,175.23505164988686
product_2,91.75847574820088
product_2,33.28885443852767
product_2,64.4549955535308
product_2,20.68011454974952
product_2,68.58241907730638
product_2,227.06055464647542
product_2,174.55273136793326
product_2,35.96870200219413
product_2,107.10225151817666
product_2,15.888172773970597
product_2,89.38573320581081
product_2,64.99312882228034
product_2,124.4236888859681
product_2,146.92291795208385
product_2,12.697709356956253
product_2,183.3978909246484
product_2,96.10472248117232
product_2,43.23680993233724
product_2,152.50983184738442
product_2,12.286039379310443
product_2,125.90771108241299
product_2,118.41037558703488
product_2,244.77165800328044
product_2,207.79992383739886
product_2,113.64570933340549
product_2,71.42745327943044
product_2,9.456023122065947
product_2,267.7502248210447
product_2,221.41506466945938
product_2,13.20651008438218
product_2,78.69539362298987
product_2,0.490878361249682
product_2,135.02783924966428
product_2,178.38492946228658
product_2,118.48269126709215
product_2,35.54276017763509
product_2,74.83026070176638
product_2,200.0973624360484
product_2,142.34212360339313
product_2,37.09065798680398
product_2,58.96804843190187
product_2,130.0020743666413
product_2,76.39910419499537
product_2,194.23138518830433
product_2,263.8141838932631
product_2,253.4411185767123
product_2,162.75791701988993
product_2,78.80100926812419
product_2,84.24979632463842
product_2,46.42795993565409
product_2,122.25049974639283
product_2,69.06542137402346
product_2,129.1944538192068
product_2,9.160118728951261
product_2,32.1362936740831
product_2,76.76840943813914
product_2,485.20623603240716
product_2,41.80657216608906
product_2,13.623019773280909
product_2,62.62354843369687
product_2,137.29372245312814
product_2,44.561205911921625
product_2,71.55839145382309
product_2,145.23125344240538
product_2,63.92596398386192
product_2,450.8225325354092
product_2,97.95013764857968
product_2,52.99225084373628
product_2,241.07227371892162
product_2,273.3210641084679
product_2,195.90897304728546
product_2,27.778309090405365
product_2,23.052571121674493
product_2,95.99264446146685
product_2,129.37693437134473
product_2,119.85070362735968
product_2,113.13695693128349
product_2,217.81306417708066
product_2,28.555410719018173
product_2,112.77346508266415
product_2,192.62315889181124
product_2,64.70825359701043
product_2,24.29555527572345
product_2,41.204644528092985
product_2,289.2463825882743
product_2,72.87646870144371
product_2,279.780624505521
product_2,55.386830828510575
product_2,112.81010206979083
product_2,60.36050798117708
product_2,47.242665749620315
product_2,131.75440900551865
product_2,23.39337317519871
product_2,485.68966588479174
product_2,112.86948323272064
product_2,170.67809560335166
product_2,101.14528516134305
product_2,182.2316005570956
product_2,173.5203534083167
product_2,118.28080142226473
product_2,42.530176172213565
product_2,4.023309299063892
product_2,170.65825189247096
product_2,153.7170747296016
product_2,138.95237670948075
product_2,80.42465821562855
product_2,42.688880784052195
product_2,147.42731686366372
product_2,153.78359967565086
product_2,208.05742510619777
product_2,123.30566711848732
product_2,90.50013995163222
product_2,96.68574998136607
product_2,83.0669043319898
product_2,18.80295816534354
product_2,150.66887638105808
product_2,34.25102384224315
product_2,8.019392332706213
product_2,79.55402128773592
product_2,104.76119034627666
product_2,38.94383276242049
product_2,18.153731819669783
product_2,194.1337859052378
product_2,132.02748129544955
product_2,100.1505429560387
product_2,76.20540213435946
product_2,258.128887086193
product_2,149.9493219428824
product_2,252.03933111272096
product_2,124.43066489247641
product_2,303.0351590120971
product_2,230.08538811464675
product_2,135.7622752802782
product_2,100.28374471656834
product_2,51.78861535071545
product_2,110.46718593099602
product_2,40.759620540113275
product_2,149.8107371056634
product_2,101.07252236566079
product_2,144.9714970198832
product_2,117.29132986339502
product_2,333.49618578235436
product_2,29.10710721052671
product_2,206.9301296956568
product_2,106.40889414527535
product_2,13.211087114556108
product_2,2.8234781895171475
product_2,341.1205685783378
product_2,193.2469356763027
product_2,129.45329853258397
product_2,66.0666809012729
product_2,131.33776279995487
product_2,70.61707369844324
product_2,215.22093081070332
product_2,173.28993624294372
product_2,104.61076498713588
product_2,119.6518862016118
product_2,29.694185585060556
product_2,82.40347530296849
product_2,43.54049916539454
product_2,157.42467238579002
product_2,176.3622243223171
product_2,140.12302163814465
product_2,104.02099055543205
product_2,104.82459983285929
product_2,26.972555692467054
product_2,62.135375049972865
product_2,41.34312963171253
product_2,3.62123860319542
product_2,148.35711933609505
product_2,16.371852167803215
product_2,259.30103338153555
product_2,233.69517930699485
product_2,141.47480247205175
product_2,187.9737167876081
product_2,224.27823826585546
product_2,127.97725179947784
product_2,77.0314762100951
product_2,78.47643248653912
product_2,71.51477274681451
product_2,152.95840712964653
product_2,30.92855421235218
product_2,32.89747205602149
product_2,35.86308483327761
product_2,126.65086599438231
product_2,190.96100201811134
product_2,119.63035148426881
product_2,199.99332479354675
product_2,12.90122560550014
product_2,92.56310694263767
product_2,3.692780082065724
product_2,49.296401587895986
product_2,219.41209769527185
product_2,107.40898996629646
product_2,158.32253675022315
product_2,95.49566301358448
product_2,256.9845510544251
product_2,104.65013862056215
product_2,122.87198826851761
product_2,173.97578793354896
product_2,199.10893179972
product_2,113.73118646040761
product_2,42.93292174922079
product_2,34.0515929555346
product_2,9.415128579777743
product_2,138.41938196280847
product_2,244.8812505668396
product_2,4.720038411117311
product_2,26.42579449354882
product_2,57.124291546526194
product_2,63.24883937172277
product_2,343.7231770563129
product_2,55.715965899572915
product_2,222.68381946988615
product_2,3.541604982698013
product_2,129.66079943430535
product_2,65.69334182880863
product_2,176.5977283080561
product_2,67.89217802264099
product_2,11.375671501447929
product_2,119.26849020800596
product_2,245.84275656606684
product_2,92.91223864235651
product_2,59.442848109370985
product_2,69.3666837038078
product_2,246.99035450406507
product_2,87.47340858866791
product_2,57.298350186017224
product_2,64.70250535212661
product_2,71.89048545146352
product_2,312.63159449638295
product_2,143.04185426863128
product_2,205.64336738185403
product_2,23.054326942937564
product_2,63.91574713469153
product_2,129.25976800244186
product_2,175.66215485925034
product_2,95.37741621614944
product_2,124.10825430427927
product_2,48.44433085559866
product_2,116.34477909370145
product_2,19.155842240977535
product_2,36.944780853274054
product_2,64.56991475190411
product_2,405.31453417426206
product_2,145.54697455153465
product_2,27.2322323003868
product_2,151.37836828382524
product_2,143.91570043184817
product_2,51.86131711288751
product_2,61.187395382775726
product_2,206.1555881763764
product_2,26.401753330060114
product_2,163.60837159941605
product_2,51.3493996177085
product_2,76.78086842584437
product_2,290.59320686638995
product_2,309.82519966571925
product_2,117.57023455099238
product_2,153.10551913100898
product_2,28.144387895908032
product_2,101.04822058859837
product_2,8.048459204331548
product_2,135.3078038689701
product_2,134.10378027055262
product_2,114.44724622725121
product_2,37.53319474157012
product_2,62.09868523644662
product_2,64.72292547014473
product_2,86.18545581033915
product_2,154.51543589956603
product_2,409.8680076427265
product_2,173.03849651439958
product_2,59.20479638668995
product_2,52.19420375681256
product_2,22.332658792563986
product_2,146.12197732956005
product_2,34.965885673316436
product_2,79.40451280688191
product_2,106.38185757745788
product_2,108.43516229667617
product_2,65.45318310417241
product_2,208.4875276211584
product_2,19.529298952513614
product_2,64.01693125851384
product_2,85.40037922591843
product_2,172.56374728028948
product_2,44.37070177864035
product_2,56.81456213477709
product_2,30.702380722092983
product_2,66.24908810021712
product_2,12.801378047345475
product_2,52.19855966586528
product_2,329.60531502466046
product_2,80.5957106522369
product_2,190.87121872922066
product_2,44.25149954353897
product_2,141.7332981207223
product_2,178.8074876689371
product_2,87.88649977206428
product_2,68.56292041511529
product_2,25.90223949190273
product_2,23.371592546838453
product_2,26.276620428543612
product_2,81.33840484967928
product_2,65.83297387080256
product_2,94.76589158566574
product_2,169.4509961507373
product_2,63.680645806802275
product_2,31.410416701000155
product_2,28.920176097767506
product_2,248.21081458872737
product_2,141.68992494999307
product_2,15.713720844654672
product_2,29.52140795780353
product_2,34.57642758431598
product_2,64.1352357002744
product_2,20.02373004429219
product_2,35.662219379667626
product_2,162.33574722301705
product_2,5.575013955130268
product_2,238.75529372234226
product_2,140.67404710744705
product_2,88.6066542764308
product_2,212.26342405797547
product_2,89.5372153261242
product_2,291.1791757105144
product_2,61.079323714272505
product_2,297.8123504006294
product_2,142.64161726811614
product_2,65.32028345798456
product_2,280.59804635994556
product_2,105.22512498637973
product_2,140.41673360260145
product_2,110.1236080657735
product_2,39.743195199571474
product_2,137.93019524837507
product_2,105.50672270440782
product_2,38.500053492856836
product_2,90.8200471065118
product_2,42.953239741395286
product_2,58.94620311487469
product_2,56.32328597532553
product_2,101.83947009030635
product_2,3.852923228687096
product_2,293.10275619501874
product_2,18.485156688576627
product_2,225.90740277556984
product_2,120.05558236047038
product_2,44.366793210069055
product_2,214.14650094374065
product_2,379.69444786389454
product_2,136.57802309148377
product_2,239.13768917592785
product_2,61.0190149461543
product_2,122.66087421859238
product_2,154.73882480891317
product_2,398.778407066671
product_2,362.9291804384654
product_2,129.50939470655237
product_2,122.18312360521041
product_2,2.9056716829655147
product_2,50.66633183562716
product_2,71.94317173563665
product_2,41.12982148920636
product_2,161.11629555048737
product_2,233.94668479202528
product_2,25.14339114959215
product_2,83.97891156081297
product_2,40.34817341882302
product_2,161.22577814419046
product_2,90.65094837974274
product_2,3.5497433321555034
product_2,80.51947181694774
product_2,152.74297549561018
product_2,39.62739550690643
product_2,121.27677615573313
product_2,75.46032868976516
product_2,118.75563009611953
product_2,181.57739133295678
product_2,214.3754133826714
product_2,171.48437500626088
product_2,37.26465107825048
product_2,104.09020708797522
product_2,27.505646213357952
product_2,34.08524670647179
product_2,122.56895569600854
product_2,193.12894407904096
product_2,194.77188898400766
product_2,102.81397438238031
product_2,173.14520535832887
product_2,51.583244848656996
product_2,204.3220984986478
product_2,75.48599291614455
product_2,111.7073145369355
product_2,128.512962860584
product_2,199.10625368248077
product_2,85.82190739299091
product_2,441.10915952785405
product_2,231.9175807223171
product_2,27.159563944821237
product_2,420.8620191886655
product_2,32.295638523889814
product_2,183.22363306760445
product_2,78.56589133980484
product_2,8.85399487734661
product_2,124.21406524945203
product_2,426.59926662855094
product_2,46.35427205403825
product_2,338.92653037621034
product_2,118.71817685102381
product_2,25.198893529308688
product_2,67.10919847254115
product_2,138.44233420575446
product_2,21.407327164068946
product_2,164.665114345523
product_2,83.88259504484148
product_2,13.427063429231021
product_2,6.83334159000241
product_2,72.24929121422004
product_2,123.4318362080584
product_2,196.55172300226306
product_2,58.444085756253294
product_2,46.2617067254765
product_2,73.2426245768962
product_2,12.356842316654612
product_2,239.64005682801692
product_2,198.56418513047288
product_2,120.92790152976309
product_2,52.795288007046786
product_2,151.43540589045728
product_2,71.97643394643045
product_2,206.73412767621448
product_2,56.97228188937821
product_2,81.34859548516326
product_2,56.62672774547225
product_2,15.46361748492401
product_2,229.5597033471787
product_2,93.82955150605204
product_2,141.75391044060265
product_2,34.28169588845974
product_2,107.62025696933404
product_2,106.97616102766341
product_2,63.706045183371195
product_2,46.185649443703674
product_2,36.9186128762423
product_2,123.2218658222025
product_2,44.00647765639948
product_2,1.6185176350278636
product_2,191.4394563504856
product_2,104.69613714993748
product_2,84.6350259603015
product_2,214.5885352196056
product_2,295.3045042875525
product_2,137.6694253180988
product_2,40.57070561436173
product_2,35.13274178225681
product_2,104.16276534885391
product_2,106.39885359533513
product_2,88.13820416712939
product_2,318.8390469912927
product_2,134.4372862414213
product_2,63.85777474090782
product_2,141.74420105406645
product_2,30.148816938505217
product_2,15.575407734388524
product_2,165.15657471244768
product_2,200.75490002305432
product_2,37.10880944174212
product_2,126.5519428265213
product_2,111.38071055276144
product_2,78.110824820503
product_2,206.6021761424226
product_2,19.639502084456545
product_2,113.85960134560142
product_2,78.7915352909992
product_2,424.38591539436953
product_2,11.104362233389653
product_2,198.01651568310658
product_2,22.99928846209694
product_2,234.82332647212178
product_2,84.28087896368618
product_2,169.11026944526682
product_2,27.39042323913132
product_2,119.36358864378487
product_2,85.27423483244304
product_2,98.87357703385393
product_2,111.338932685458
product_2,303.4065413925578
product_2,52.51991390930464
product_2,55.07041995881214
product_2,84.0424667972935
product_2,257.64604671484153
product_2,211.95813948695073
product_2,355.9599819070469
product_2,158.98732776672583
product_2,24.14332344175131
product_2,222.7994575001937
product_2,80.89705540739862
product_2,92.33840127582823
product_2,41.378727907495445
product_2,35.394744632273685
product_2,42.784183631171594
product_2,37.35609066158202
product_2,15.39299927377811
product_2,359.46272682891396
product_2,99.74864649851557
product_2,224.24993164668103
product_2,41.788608801327115
product_2,78.55829325186595
product_2,95.24819045882333
product_2,207.1763517391943
product_2,77.58436355456664
product_2,163.86670584374667
product_2,87.96348228476504
product_2,24.54495535128897
product_2,89.19244124159076
product_2,65.78385069560045
product_2,333.2045440457013
product_2,155.947697688075
product_2,75.19489992164225
product_2,185.3296602504753
product_2,31.14360615430527
product_2,116.07640756390202
product_2,119.45657827746072
product_2,104.73871301967964
product_2,117.51392781887324
product_2,121.75291350093377
product_2,54.287692303765894
product_2,146.9515587927627
product_2,188.4788678091831
product_2,264.05968968506875
product_2,238.82804036058246
product_2,221.0608546702902
product_2,37.30538370177992
product_2,245.1468700172358
product_2,114.17614432956118
product_2,38.15814370666965
product_2,23.653726539925877
product_2,18.806024723323986
product_2,130.373603279899
product_2,520.251789830668
product_2,25.603413766698818
product_2,84.6197919518266
product_2,80.55584836050777
product_2,107.56569412874508
product_2,137.78864298713017
product_2,128.90552999399247
product_2,53.29052000014362
product_2,355.0608399020216
product_2,61.01141986861621
product_2,91.07405545828549
product_2,222.5527274593785
product_2,23.921041770614977
product_2,134.40490182606266
product_2,344.1935726232961
product_2,75.71383818916546
product_2,13.268036077398865
product_2,74.4012646437575
product_2,259.02480061492685
product_2,28.484813082209335
product_2,46.860778669710136
product_2,13.163042637337206
product_2,42.65499222025831
product_2,49.137885080526495
product_2,16.995518711142946
product_2,49.66743738937324
product_2,45.92095334812756
product_2,178.67663635938004
product_2,163.3807906775645
product_2,55.59385544804027
product_2,346.1501681228688
product_2,178.1314575891387
product_2,59.17477536697508
product_2,23.153308535220727
product_2,124.33982401666596
product_2,384.30948564587516
product_2,78.68704638319437
product_2,90.86870606029093
product_2,104.2286447916631
product_2,127.96497768996075
product_2,255.90451135839473
product_2,65.07467607911185
product_2,527.3183149437796
product_2,34.06624254986242
product_2,101.2499188861908
product_2,56.36824416032825
product_2,70.19569473596356
product_2,386.47404948337555
product_2,58.179286944316225
product_2,57.06050758389584
product_2,166.85988518870064
product_2,26.46398370803511
product_2,16.23044925682391
product_2,47.75777125886231
product_2,44.96402145942997
product_2,197.24831396053307
product_2,67.28946252974994
product_2,24.44697937212227
product_2,132.69985263248742
product_2,20.96097911621005
product_2,82.25862944512774
product_2,22.494671980488462
product_2,115.28661659350419
product_2,263.3881676869836
product_2,54.17457973284881
product_2,249.87980541265088
product_2,131.92457541377857
product_2,148.8313862984089
product_2,16.664968187899692
product_2,39.83938905198003
product_2,131.26127854853505
product_2,67.92100117731125
product_2,60.037912577000135
product_2,13.35700941249605
product_2,144.08951173086606
product_2,600.9909915841268
product_2,308.34403249176387
product_2,246.3813845324163
product_2,155.43048856668122
product_2,66.58280281282786
product_2,173.94005503099007
product_2,81.46708126252597
product_2,108.08958697558114
product_2,81.11987750888923
product_2,47.933184015382025
product_2,48.87370389351981
product_2,78.60736913020804
